{"cameraMode":{"drawMode":0,"name":"Shaded","section":"Shading Mode"},"sceneLighting":false,"audioPlay":false,"sceneViewState":{"showFog":true,"showMaterialUpdate":false,"showSkybox":false,"showFlares":true,"showImageEffects":true,"showParticleSystems":true},"in2DMode":false,"pivot":{"x":-9.76453971862793,"y":3.1085562705993654,"z":-3.423269748687744},"rotation":{"x":-0.3428397476673126,"y":-0.02817600965499878,"z":-0.010288015939295292,"w":0.9389166831970215},"size":1.0053151845932007,"orthographic":false}